﻿<?xml version="1.0" encoding="utf-8" ?>
<Preprocess>
  <!--
  You can specify the path where this should show up in the
  Add New Project / Add New Item dialog by setting the value below
  
  <TemplateInfo Path="CSharp\Web\Custom\Subcategory"/>
  -->
  <TemplateInfo Path="CSharp\ServiceStack"/>
  <Replacements Include="*.*" Exclude="*.vstemplate;*.csproj*.jpg;*.png;*.ico;templateinfo.xml">
    <add key="$safeprojectname$" value="$safeprojectname$"/>
    <!--<add key="ServiceStack.CSharp.RazorSeed." value="$slnname$"/>-->
    <!--targetFramework="$targetframeworkversion$"-->
    <add key="targetFramework=&quot;4.0&quot;" value="targetFramework=&quot;$targetframeworkversion$&quot;"/>
    <!--<TargetFrameworkVersion>v$targetframeworkversion$</TargetFrameworkVersion>-->
    <add key="&lt;TargetFrameworkVersion>v4.0&lt;/TargetFrameworkVersion>" value="&lt;TargetFrameworkVersion>v$targetframeworkversion$&lt;/TargetFrameworkVersion>"/>
  </Replacements>
</Preprocess>